group,outcome,discogs_listing,discogs_catno_or_cached,shopify_sku,candidates,release
1 auto-fixable,fix,4373534754,PAMPA 032,PAMPA032,,"&ME - In Your Eyes (12"", EP)"
1 auto-fixable,fix,4219806177,SFA 003,SFA,,"003          Convertible (3) - Like The Rain E.P (12"")"
1 auto-fixable,fix,4219807146,RHM 051,RHM,,"051          Boo Williams - The Recovery (12"")"
1 auto-fixable,fix,4338018012,3AM011,3AM011,,"Aeon Four - Awakening (12"")"
1 auto-fixable,fix,4337833968,XY9-06,XY9-06,,"Alton Miller - Still Purpose EP (12"", EP)"
1 auto-fixable,fix,4373539923,GONDLP081,GONDLP081,,"Ancient Infinity Orchestra - It's Always About Liberation (LP, Album)"
1 auto-fixable,fix,4337946765,AP-004,AP-004,,"Andy Hart - Life À L'Orange (12"")"
1 auto-fixable,fix,4338041121,SPTLP010,SPTLP010,,"Aural Imbalance - Fragile Shapes (12"", Cya + 12"", Red + Album)"
1 auto-fixable,fix,4337938446,CRVT009,CRVT009,,"Aural Imbalance - Shortform (12"", EP, Mar)"
1 auto-fixable,fix,4337960925,WOLFEP047,WOLFEP047,,"BRS - Spring Dom EP (12"", EP)"
1 auto-fixable,fix,4338042429,SIGNSSOUL80,SIGNSSOUL80,,"Badmarsh & Shri / Calibre - Signs (Calibre Remix) / Soul 80 (12"", RM, W/Lbl)"
1 auto-fixable,fix,4373524557,CBR 009,CBR009,,"Bass Toast - From Above (12"", Ltd)"
1 auto-fixable,fix,4337844324,LTDBLBL020,LTDBLBL020,,"Benjamin Long - LTDBLBL020 (12"", EP, Whi)"
1 auto-fixable,fix,4372179366,RMCE028,RMCE028,,"Black Eyes (5) - Ocean Floor Funk EP (12"", EP)"
1 auto-fixable,fix,4373217150,RMCE028,RMCE028,,"Black Eyes (5) - Ocean Floor Funk EP (12"", EP, Pur)"
1 auto-fixable,fix,4337995125,VIBEZ93023,VIBEZ93023,,"Blade (26) - Then & Now EP (12"", EP, Red)"
1 auto-fixable,fix,4373533128,ZEN328N,ZEN328N,,"Bonobo - Distance In Static (2xLP, Album, Ltd, Blu)"
1 auto-fixable,fix,4337838291,LTDBLBL017,LTDBLBL017,,"Bralan Arias - LTDBLBL017 (12"", MiniAlbum, W/Lbl, Whi)"
1 auto-fixable,fix,4338017538,BF04,BF04,,"Bruno Pronsato - The Warm Ups & The Ways (12"", 180)"
1 auto-fixable,fix,4338020118,31RS025,31RS025,,"Bungle - Cocooned / Distance (12"")"
1 auto-fixable,fix,4337945700,7DAYSBBZ003,7DAYSBBZ003,,"ButterBandz - The Eclipse (12"", EP)"
1 auto-fixable,fix,4373522364,CDR-001,CDR001,,"C.A.R. (3) - Sunshine (12"")"
1 auto-fixable,fix,4337824797,TOYT 046,TOYT046,,"COEO - Back In The Days (12"")"
1 auto-fixable,fix,4338019455,SIGLP014,SIGLP014,,"Calibre - Planet Hearth (2xLP, Album)"
1 auto-fixable,fix,4338039921,SIG024,SIG024,,"Calibre - Taciturn / Butter Love (12"", RE)"
1 auto-fixable,fix,4372180257,HOV011,HOV011,,"Cassy - CBM 1 (12"")"
1 auto-fixable,fix,4373218539,HOV011.1,HOV011.1,,"Cassy - CBM 2 (12"")"
1 auto-fixable,fix,4281425172,IDWT-005,IDWT005,,"Chaos In The CBD - Multiverse EP (12"", EP)"
1 auto-fixable,fix,4337835531,HARD40,HARD40,,"Charlie Rice (7) & Nay Barr - HARD40 (12"")"
1 auto-fixable,fix,4338021309,SPTLP009,SPTLP009,,"Chronicle - Ivory Tower (12"", Ora + 12"", Yel + Album)"
1 auto-fixable,fix,4373519838,IIAJ005,IIAJ005,,"Close Counters - If It Aint Jazz Volume 5 (12"", Promo)"
1 auto-fixable,fix,4337981886,PRSPCT354,PRSPCT354,,"Coco Bryce - Our Darkness (12"", EP)"
1 auto-fixable,fix,4337930097,GR-N14,GR-N14,,"DFRA - All About You EP (12"", EP)"
1 auto-fixable,fix,4373530320,WOLFEP089,WOLFEP089,,"DJ Alone Again - Orbital Constructs (12"")"
1 auto-fixable,fix,4337933520,CS127,CS127,,"DJ Assassin - A Face Amongst The Crowd (12"", Ltd, RE)"
1 auto-fixable,fix,4337822751,FR 026,FR026,,"DJ Jauche - Music Always Helps (12"")"
1 auto-fixable,fix,4373536398,PAMPA 003,PAMPA003,,"DJ Koze - Blume Der Nacht / Rue Burnout (12"", RP)"
1 auto-fixable,fix,4373536659,PAMPA 014,PAMPA014,,"DJ Koze - La Duquesa / Burn With Me (12"", RE, RP)"
1 auto-fixable,fix,4373535855,PAMPA 040,PAMPA040,,"DJ Koze - Wespennest EP (12"", EP)"
1 auto-fixable,fix,4373537157,PAMPA 024,PAMPA024,,"DJ Koze - XTC (12"", EP)"
1 auto-fixable,fix,4281254667,LU008,LU008,,"DJ Nature - Amma (12"", Ltd, Smplr)"
1 auto-fixable,fix,4373532414,PCR016,PCR016,,"DJ Para - Rebirth EP (12"", EP)"
1 auto-fixable,fix,4337840910,HTRE - 015,HTRE015,,"DJ Romain - The New Jersey EP (12"", EP)"
1 auto-fixable,fix,4200193323,SOUL:R064,SOULR064,,"DRS - The Puppeteer  (12"", RP)"
1 auto-fixable,fix,4198972485,SOUL:R065,SOULR065,,"DRS - The View / Count To Ten VIP (12"", RP)"
1 auto-fixable,fix,4373216541,VIBR 029,VIBR029,,"Danijel Kevic - Back In The Days EP (12"")"
1 auto-fixable,fix,4338041517,DSCI4060,DSCI4060,,"Danny C + Mike Pears - Listen & Learn EP (12"", EP)"
1 auto-fixable,fix,4337674683,PS014,PS014,,"David Böning & Phillip Kluge - Moonbathed And Sunkissed (12"", EP)"
1 auto-fixable,fix,4337830179,STILLM004,STILLM004,,"Delano Smith Featuring Diamondancer - A Message For The DJ (12"", RE)"
1 auto-fixable,fix,4373520573,AT001,AT001,,"Dj Dats - Phuture 3030 (12"", EP)"
1 auto-fixable,fix,4337906805,GOSU12004,GOSU12004,,"Dolomea - shadows hide EP (12"", EP)"
1 auto-fixable,fix,4373531046,SEARCHIVE02,SEARCHIVE02,,"Duckbeats - Surplus Enjoyment 2 (12"", W/Lbl, Han)"
1 auto-fixable,fix,4337831001,KMSV001,KMSV001,,"E-Dancer - KMS Sampler Vol. 1 (12"", RM, Smplr)"
1 auto-fixable,fix,4373518872,P98-014,P98-014,,"Ease Up George - Gotcha EP (12"", EP, Ltd, Num, 180)"
1 auto-fixable,fix,4373528577,FOURFRAMED007,FOURFRAMED007,,"Ed Nine - No Boundaries EP (12"", EP)"
1 auto-fixable,fix,4373216871,CHIWAX046,CHIWAX046,,"Eddie Leader - So Underground EP (12"")"
1 auto-fixable,fix,4337904564,LTDBLBL018,LTDBLBL018,,"Eloi (9) - LTDBLBL018 (12"", EP, Ltd, Whi)"
1 auto-fixable,fix,4337823132,CADENZA 116,CADENZA116,,"Fausto Messina - Pica Pica (12"")"
1 auto-fixable,fix,4337935059,CHCH05,CHCH05,,"Fedo (3) - Hey It's Me (12"")"
1 auto-fixable,fix,4281259203,SNFLP020V,SNFLP020V,,"Felipe Gordon - Tezeta (2xLP, Album, Cle)"
1 auto-fixable,fix,4337826756,PFFD004,PFFD004,,"Foehn & Jerome - Can You (For A Moment) EP (12"")"
1 auto-fixable,fix,4372182243,RXT-08,RXT-08,,"Fresh & Low - Burnin Love (12"", RE, RM)"
1 auto-fixable,fix,4373218131,RXT-08,RXT-08,,"Fresh & Low - Burnin Love (12"", RE, RM, Tra)"
1 auto-fixable,fix,4373219793,RXT-03,RXT-03,,"Fresh & Low - Fresh & Low EP (12"", RE)"
1 auto-fixable,fix,4372180677,RXT-05,RXT-05,,"Fresh & Low - Wind On Water (12"", EP, RE)"
1 auto-fixable,fix,4337930730,ROYAL064,ROYAL064,,"Frits Wentink - Redline EP (12"", EP, Ltd, Red)"
1 auto-fixable,fix,4281252747,LU003,LU003,,"GE-OLOGY - Nomadic Discorientation (12"")"
1 auto-fixable,fix,4373523294,PR 31,PR31,,"Glenn Underground - I Feel Dub (12"")"
1 auto-fixable,fix,4281200244,GEMS005,GEMS005,,"Grant Dell - Come On In / We Go Deep (12"")"
1 auto-fixable,fix,4337931576,PRLY-V2661,PRLY-V2661,,"Groove Assembly / Silver Heights - Pearly Soundsystem - Vol. 02 (12"")"
1 auto-fixable,fix,4373219565,RAWAX028LTD,RAWAX028LTD,,"Gunnter - Coco Bango EP (12"")"
1 auto-fixable,fix,4337761953,PEACH028,PEACH028,,"I. JORDAN (2) - Soft serve summer (12"")"
1 auto-fixable,fix,4372181601,CTX011,CTX011,,"Iron Curtis - Weather Report EP (12"", EP)"
1 auto-fixable,fix,4337948589,CMC065RMX2,CMC065RMX2,,"Iz & Diz - Mouth (12"", RE)"
1 auto-fixable,fix,4337673921,VSTR002,VSTR002,,"Jake Childs - Then & Now (12"", EP)"
1 auto-fixable,fix,4372179696,RWX029,RWX029,,"Jay Tripwire & Maher Daniel - Low And Slow EP (12"")"
1 auto-fixable,fix,4337842305,FM12303,FM12303,,"Johannes Albert - Chicago (12"", Ltd, W/Lbl)"
1 auto-fixable,fix,4337904795,LTDBLBL024,LTDBLBL024,,"Juando (5) - LTDBLBL024 (12"", Whi)"
1 auto-fixable,fix,4372181409,RWX04,RWX04,,"Julian Perez - Off The Beaten Tracks  (12"")"
1 auto-fixable,fix,4337955747,7V216,7V216,,"Kenneth Graham - In This House (12"", EP)"
1 auto-fixable,fix,4373525664,WGD12012,WGD12012,,"Kenneth Graham - We're Going Deep 12012 (12"")"
1 auto-fixable,fix,4373533686,METALP22,METALP22,,"Kid Drama - Machines And Other Things (2xLP, Album)"
1 auto-fixable,fix,4337944518,FE009,FE009,,"LadyMonix - A Sax Moment (12"", EP)"
1 auto-fixable,fix,4337762712,LWK16,LWK16,,"Lance DeSardi - Live Trax Vol. 2 (12"")"
1 auto-fixable,fix,4281345600,KYN022,KYN022,,"Lovegod - Rendezvous (12"", EP, RE)"
1 auto-fixable,fix,4337823666,CADENZA 111,CADENZA111,,"Luciano - The Great Amael Remixes (12"")"
1 auto-fixable,fix,4337834853,WOLFEP085,WOLFEP085,,"Manuel Darquart - Dream House Factory Vol.1 (12"", EP)"
1 auto-fixable,fix,4373524974,RNTR089,RNTR089,,"Megatronic (2) - There’s Truth In Gospel (Remixes) (12"")"
1 auto-fixable,fix,4338024189,FOKUZ388V,FOKUZ388V,,"Melinki - Harrow Dub EP (12"", EP)"
1 auto-fixable,fix,4337829918,STILLM044,STILLM044,,"Merle* - Likes 2 Dance EP (12"")"
1 auto-fixable,fix,4373218392,RX16,RX16,,"Mike Dehnert - Freiraum EP (12"")"
1 auto-fixable,fix,4337980602,CITB018,CITB018,,"Msymiakos / Tommy The Cat - Cat In The Bag 018 (12"")"
1 auto-fixable,fix,4337936880,BBE763ALP,BBE763ALP,,"Musclecars - Sugar Honey Iced Tea! (2xLP, Album)"
1 auto-fixable,fix,4373526246,180GR004,180GR004,,"N-Zino - Music & Territory (Part III) (12"", 180)"
1 auto-fixable,fix,4281251187,FR 004,FR004,,"Nachtboutique - Dirty Night's And Boogie Light's (AS 4) (12"")"
1 auto-fixable,fix,4281366438,KDM002,KDM002,,"Namur*, Palorim - Slap Fever (12"", EP)"
1 auto-fixable,fix,4337844930,LTDBLBL021,LTDBLBL021,,"NicolΔ - LTDBLBL021 (12"", EP, Ltd, Whi)"
1 auto-fixable,fix,4337955096,TMRC-001,TMRC-001,,"Norm Talley - The Mystic EP (12"", EP, RP)"
1 auto-fixable,fix,4337947941,CRM357,CRM357,,"OMRI. - Signals EP (12"", EP)"
1 auto-fixable,fix,4337833155,WRTA004,WRTA004,,"Ohm Hourani - Barbara (12"")"
1 auto-fixable,fix,4337953083,M.A.D 017,MAD017,,"Pascal Moscheni - Make A Romance EP (12"", EP)"
1 auto-fixable,fix,4337658252,BPCW003,BPCW003,,"Paul* & Fritz Kalkbrenner - Sky And Sand (12"", S/Sided, RP)"
1 auto-fixable,fix,4337749251,STÓ000,STÒ000,,"Philipp Priebe - Movements In An Empty Department Store (2xLP, Album, RP, gre)"
1 auto-fixable,fix,4337977980,RASTA027V,RASTA027V,,"Pixel (8) - Ruffest / Strange (Choppage VIP)  (12"", EP, Whi)"
1 auto-fixable,fix,4337981151,RASTA008V,RASTA008V,,"Pixel (8) / Gunmen (2) - Soundclash EP (10"", RP)"
1 auto-fixable,fix,4337670540,WRWTFWW078LTD,WRWTFWW078LTD,,"Pizza Hotline - Level Select (2x12"", Album, Dlx, RE, 180)"
1 auto-fixable,fix,4337675160,LTDBLBL023,LTDBLBL023,,"Pove (2) - LTDBLBL023 (12"", Whi)"
1 auto-fixable,fix,4337937858,WILDERNESS006,WILDERNESS006,,"Response & Pliskin - Always Drifting EP (12"", EP, Ltd, 180)"
1 auto-fixable,fix,4337958357,RIP 1T,RIP1T,,"Rip 'N' It - Volume One (12"", RE)"
1 auto-fixable,fix,4373520861,SVNRS01,SVNRS01,,"RiskSoundSystem - The Sound Is Yours (Kerri Chandler Remixes) (12"", RE)"
1 auto-fixable,fix,4373535438,PAMPA035,PAMPA035,,"Robag Wruhme - Nata Alma / Venq Tolep (12"", EP)"
1 auto-fixable,fix,4338043026,ASW001,ASW001,,"Runout - Sweet Terrorist EP (12"", EP, Ora)"
1 auto-fixable,fix,4373538126,SMALLVILLE 77,SMALLVILLE77,,"Rupert Marnie - Fog Gathering (12"")"
1 auto-fixable,fix,4373521698,AA014,AA014,,"Satoshi Tomiie - Thursday, 2am (Ron Trent Remixes) (12"", Ltd, RE)"
1 auto-fixable,fix,4337833491,PEEPS 04,PEEPS04,,"Shep'* - Reach For The Tongs EP (12"", EP)"
1 auto-fixable,fix,4337845404,LTDBLBL022,LTDBLBL022,,"Snomir - LTDBLBL022 (12"", Ltd, whi)"
1 auto-fixable,fix,4337838675,STEPBACK009,STEPBACK009,,"Stephen Brown - The Safari EP (12"", EP)"
1 auto-fixable,fix,4337929551,DISRWAX010,DISRWAX010,,"Sundaze Lab & Melchior Sultana / Brad P* - Friends Of The Deep (12"")"
1 auto-fixable,fix,4373534283,SUSH80,SUSH80,,"Terry Francis - Digitec : Addendum (12"", Ltd, RE, RM)"
1 auto-fixable,fix,4373519115,mountain028,MOUNTAIN028,,"The Mountain People - Raw Pitch (12"")"
1 auto-fixable,fix,4373539263,K7414LP,K7414LP,,Theo Parrish - DJ-Kicks Detroit Forward (3xLP)
1 auto-fixable,fix,4373529414,SS103,SS103,,"Theo Parrish - Organic Hardware Pt 1 (12"", EP)"
1 auto-fixable,fix,4338041982,CITB006,CITB006,,"Tommy The Cat (2) - Cat In The Bag 06 (12"", EP, Whi)"
1 auto-fixable,fix,4338025965,PSDV003,PSDV003,,"Tommy The Cat (2) - Sunset Vibes EP.2 (12"", EP, Ltd, Pin)"
1 auto-fixable,fix,4337959527,DSO7001,DSO7001,,"Unknown Artist - Love U More / Apl Tree (7"", Unofficial)"
1 auto-fixable,fix,4281411975,OSS 002,OSS002,,"Unknown Artist - OSS 002 (12"", EP)"
1 auto-fixable,fix,4338031500,SOUL077,SOUL077,,"Unknown Artist - Soul 77 (12"", Pur)"
1 auto-fixable,fix,4337821653,CADALMA001,CADALMA001,,"Various - Alma Sounds (12"")"
1 auto-fixable,fix,4373522076,BKS-09,BKS-09,,"Various - BKS-09 (12"", EP, Comp, W/Lbl)"
1 auto-fixable,fix,4337832255,BOND12084BOX,BOND12084BOX,,"Various - Bondage Games Part 11 – Ltd. Box Edition (5x12"", Ltd, 180 + Box, Ltd)"
1 auto-fixable,fix,4337959026,GVMV008,GVMV008,,"Various - Decade One (2x12"", Comp, Ltd)"
1 auto-fixable,fix,4337839956,DEFCL003LP,DEFCL003LP,,"Various - Defected Classics 3 (3x12"", Comp)"
1 auto-fixable,fix,4373521239,FRESC02,FRESC02,,"Various - FRESC02 (12"", EP)"
1 auto-fixable,fix,4337961522,FZB003,FZB003,,"Various - Form is Emptiness (12"", EP, Ltd)"
1 auto-fixable,fix,4337951988,KSSV010,KSSV010,,"Various - King Street Sounds Sampler Vol 7 (12"", EP, Smplr)"
1 auto-fixable,fix,4337818110,MAEVE035,MAEVE035,,"Various - Maeve 035 (12"", EP)"
1 auto-fixable,fix,4373537808,PNC010,PNC010,,"Various - Pont Neuf 10 Years - In House We Trust (2x12"", Album)"
1 auto-fixable,fix,4337841465,SMALLHOURS-007,SMALLHOURS-007,,"Various - Small Hours 007 (12"", EP)"
1 auto-fixable,fix,4373531451,AMR001,AMR001,,"Various - The Love Affair VA (12"")"
1 auto-fixable,fix,4337655432,FMR154,FMR154,,"Various - Winter Collection (12"")"
1 auto-fixable,fix,4337846829,TCR011,TCR011,,"Wilt (9) - Velvet Groove EP (12"", EP)"
1 auto-fixable,fix,4281169062,PURESHORES-001,PURESHORES-001,,"Youandewan - Pure Shores 001 (12"", 180)"
1 auto-fixable,fix,4373520171,CKNOWEP75,CKNOWEP75,,"djfix - The Dial EP (ft. Gbar) (12"", EP)"
1 auto-fixable,fix,4337820381,Cadenza 104,CADENZA104,,"gAs (10) Vs Lino Pugliese - Split EP (12"", EP)"
2 needs approval,unresolved,4190712009,CRAFT001,,,"11:68PM - CRAFT SERVICES 001 (12"", EP)"
2 needs approval,unresolved,4373220480,HOUSEWAX41,,,"Alton Miller - Summer Bliss (12"")"
2 needs approval,unresolved,4258392909,IT 55,,,"Andy Toth - Mind Lock EP (12"", EP)"
2 needs approval,unresolved,4176934002,HS02,,,"Anne Wirz - Guerrière (Four Tet Remixes) (12"")"
2 needs approval,unresolved,4178355576,WARPLP300-1,,,"Aphex Twin - Peel Session 2 TX 10/04/95 (12"", EP)"
2 needs approval,unresolved,4199021442,FOKUZ107,,FOKUZ107_ (stock 2),"BCee - Crystal EP  (12"", EP)"
2 needs approval,unresolved,4200250392,FOKUZ115RP1,,FOKUZ115RP1_ (stock 2),"BCee /  Bladerunner - Moonstruck / Crash (12"", RP, W/Lbl, Pin)"
2 needs approval,unresolved,4199195970,FOKUZLP020S,,FOKUZLP020S_ (stock 2),"Bert H - All About Sampler (12"", Smplr)"
2 needs approval,unresolved,4225466070,2047Black,,,"Blacks & Blues - Spin (12"")"
2 needs approval,unresolved,4372180080,200052,,,"Blauert - Resonanz (12"", EP, Blu)"
2 needs approval,unresolved,4337825883,quintessentials 102,,,"Borrowed Identity & Mechanical Soul Brother - Return To Yourself EP (12"", EP, Ltd, Sag)"
2 needs approval,unresolved,4200205335,"FOKUZLP013, FOKUZLP013CD1, FOKUZLP013CD2",,,"Brother (4) - Cold Shoulder (2x12"" + 2xCD, Album)"
2 needs approval,unresolved,4199214639,SIG028,,SIG028RP (stock 2),"Calibre & DRS v Mark Ernestus - Bad / Badder (12"")"
2 needs approval,unresolved,4337978625,SIG007A,,,"Calibre & High Contrast - Mr. Majestic / The Other Side (12"", RE, RP)"
2 needs approval,unresolved,4199202822,SIGLP007,,SIGLP007R (stock 2),"Calibre - Condition (3x12"", Album, RP)"
2 needs approval,unresolved,4199281302,SIG002,,SIG002RP2 (stock 2); SIG002-2024 (stock 2),"Calibre - Makes Me Wonder / Got To Have You (12"", RM)"
2 needs approval,unresolved,4198963212,SIG005,,SIG005R (stock 2),"Calibre - Mr. Maverick / Highlander (12"", RP)"
2 needs approval,unresolved,4200200223,SIGLP001,,SIGLP001RP (stock 2),"Calibre - Second Sun (4x12"", Album, RM, RP)"
2 needs approval,unresolved,4199249382,SIGLP010,,SIGLP010R (stock 2),"Calibre - Shelflife 3 (3x12"", Album, RP)"
2 needs approval,unresolved,4199250663,SIGLP011,,SIGLP011RP (stock 2),"Calibre - Shelflife 4 (4x12"", Album)"
2 needs approval,unresolved,4200201393,SIGLP013,,SIGLP013RP2 (stock 2),"Calibre - Shelflife 5 (3x12"", Album)"
2 needs approval,unresolved,4199018994,SIGLP015,,SIGLP015RP (stock 2),"Calibre - Shelflife Six  (4x12"", Album)"
2 needs approval,unresolved,4260988113,SIG019,,SIG019RP (stock 1),"Calibre - Start Again VIP (12"", RE, RP)"
2 needs approval,unresolved,4337957169,TR53V,,,"Carl Craig - At Les (Christian Smith Remixes) (12"", RE, Pur)"
2 needs approval,unresolved,4176306984,BR221LP,,,"Carles Viarnès - Post (LP, Album, Ltd, Num)"
2 needs approval,unresolved,4373529696,Tempa.130,,TEMPA130V (stock 1),"Coki - Red Rocks EP (12"", EP)"
2 needs approval,unresolved,4221276636,yore-061,,,"Craig Alexander - Feel Good (12"")"
2 needs approval,unresolved,4337824146,yore-062,,,"Craig Alexander - Phenomenal Woman / Across My Mind (12"", EP)"
2 needs approval,unresolved,4373518257,868 209-1,,,"Crystal Waters - Gypsy Woman (She's Homeless) (12"", RP)"
2 needs approval,unresolved,4337956389,HTRE - 022,,HTRE022V (stock 2),"DJ Romain - Funky Streets EP (12"", EP)"
2 needs approval,unresolved,4200202314,Soul:R067,,SOULR067RP (stock 2),"DRS - Mid Mic Crisis  (12"", RP)"
2 needs approval,unresolved,4258383570,DOG111,,DOG111G (stock 2),"Declan McDermott - Why Don't You Believe Me? EP (12"", EP)"
2 needs approval,unresolved,4373524128,MM07,,,"Delano Smith & Brian Kage - Keep 'Em Movin' EP (12"", EP, RP)"
2 needs approval,unresolved,4337761569,ROOTS008,,,"Demarkus Lewis / Josh Stone - Early Summer Compilation 2026 (12"")"
2 needs approval,unresolved,4199022696,SIGLP008,,SIGLP008RE (stock 2),"Dominick Martin - Valentia (LP, Album, RM, RP, 180)"
2 needs approval,unresolved,4337656974,C#CC23LP,,,"Drexciya - Journey Of The Deep Sea Dweller II (2x12"", Comp, RM)"
2 needs approval,unresolved,4199073489,FOKUZ104,,FOKUZ104_ (stock 2),"Edlan vs Minos (7) - All Around EP (12"", EP)"
2 needs approval,unresolved,4281343617,VFS089X,,,"Ellis Dee - One For The Ladies / You Got To Believe (12"", RE)"
2 needs approval,unresolved,4176861045,EGLO36,,,"Fatima (12) - Yellow Memories (LP, Album)"
2 needs approval,unresolved,4258382454,TEXT042,,TEXT042LP (stock 2),"Four Tet - There Is Love In You (2xLP, Album, RE, Gat)"
2 needs approval,unresolved,4372183464,RXT-05 R,,,"Fresh & Low - Wind On Water (12"", EP, RE, Red)"
2 needs approval,unresolved,4373086095,RXT-05 R,,,"Fresh & Low - Wind On Water (12"", EP, RE, Red)"
2 needs approval,unresolved,4176346836,SNF120,,,"Fëlipë Görḋön* - The Lichtenberg Effect EP (12"", EP, Tra)"
2 needs approval,unresolved,4190851683,SJU12R24 (RED),,,"GU's Jaz Collective* - Afro Gente / Fuego De Sangre (12"", W/Lbl, Red)"
2 needs approval,unresolved,4281251931,UR-025,,,"Galaxy 2 Galaxy - Galaxy 2 Galaxy (12"", RM)"
2 needs approval,unresolved,4176908241,0602547682031,,,"GoGo Penguin - Man Made Object (2xLP, Album)"
2 needs approval,ambiguous,4269072429,DAT082-COL,,DAT082 (stock 2); DAT082-COL (stock 1),"Harmony* - You Got / Think About It / Transit  (12"", EP, S/Edition, Hal)"
2 needs approval,unresolved,4337674407,SCR0001,,,"Headhunters - Mojo Rhythm  (12"", EP)"
2 needs approval,unresolved,4338032589,#SMR008,,,"Humb, Iller Instinct (2), Buster (32) - #SMR008 (12"", EP)"
2 needs approval,unresolved,4199194059,FOKUZ 059,,FOKUZ059_ (stock 2),"Intelligent Manners - Secret Feeling (12"")"
2 needs approval,unresolved,4176907254,1-800-01,,,"James Blake - Voyeur (Dub) / And Holy Ghost (12"", Whi)"
2 needs approval,unresolved,4281256260,FR315,,FR315R (stock 2),"Jimpster - Bassic Rollers EP (12"", EP, Ltd)"
2 needs approval,unresolved,4190580342,N°018,,,"Kareem Ali (2) - Mawimbi (12"")"
2 needs approval,unresolved,4258398672,SHDW08,,SHDW08R (stock 2),"L.D.F.* - Tribute To The Latin Posse EP (12"", Han)"
2 needs approval,unresolved,4337835951,WB02,,,"L.D.F.*, Tilman, Byron The Aquarius, Trinidadian Deep - World Beats Vol.2 (12"", EP)"
2 needs approval,unresolved,4199258508,SOULR077,,SOULR077RP (stock 2),"LSB (3) - Content (2xLP, Album, RP)"
2 needs approval,unresolved,4199253417,Soul:R068,,SOULR068RP (stock 2),"LSB (3) - Fourfit EP 03 (12"", EP, RE)"
2 needs approval,unresolved,4337949513,LFNYCM001,,,"Lady Flic Ft. City Hayes - Inside Your Vibration (12"", Single)"
2 needs approval,unresolved,4246950930,CAT 017,,,"Leon Ware - For The Rainbow (12"")"
2 needs approval,unresolved,4258397847,055,,,"Lesterr - 2 Jahre Dazwischen EP (12"", EP, Cle)"
2 needs approval,unresolved,4225431048,2052Black,,,"Lord* & Dego - BMX Beats (12"")"
2 needs approval,unresolved,4199257599,SOULR043,,SOULR043RP (stock 2),"M.I.S.T.* - Clockwork / Entropy (12"", RE)"
2 needs approval,unresolved,4200259275,FOKUZ098,,FOKUZ098RP (stock 2),"Macca (17) & Melinki - Dark Soul EP (12"", EP)"
2 needs approval,unresolved,4200192807,SOULR049,,SOULR049RP (stock 2),"Marcus Intalex - 21 (3x12"", Album)"
2 needs approval,unresolved,4281227121,SER003,,SER003BLACK (stock 2),"Matias Aguayo - Anenoa (2xLP, Album)"
2 needs approval,unresolved,4198965564,FOKUZ109,,FOKUZ109_ (stock 2),"Melinki - Where Do We Go From Here EP (12"")"
2 needs approval,unresolved,4176341883,BTL015,,,"Mike Huckaby - The Jazz Republic (12"", RE, 180)"
2 needs approval,unresolved,4219791423,PT016,,,"Millos Kaiser - Te Quero Perto (12"", EP)"
2 needs approval,unresolved,4200192069,SOULR020,,SOULR020RP (stock 2),"Mist:ical* - Just A Little Herb / Memory Jog (12"", RE)"
2 needs approval,unresolved,4337654211,"AWAY LMTD 002, AWAYLTD002",,,"Move D & Pete Namlook* - Reissued 002 (12"")"
2 needs approval,unresolved,4337937294,BBE763ELP,,,"Musclecars - Double Honey Pack (2x12"")"
2 needs approval,unresolved,4337943915,IF1104LP,,,"Nathan Fake - Evaporator (LP, Album, Ltd, cle)"
2 needs approval,unresolved,4337951247,ROOTS 011,,,"Natural Rhythm - Disco Daze (12"")"
2 needs approval,unresolved,4199211756,FOKUZ071,,FOKUZ071_ (stock 2),"Need For Mirrors & HLZ - Slash / Opium Dream (12"")"
2 needs approval,unresolved,4222644078,AOS 1105,,,"Omar S* - All The Little Hands Around (12"")"
2 needs approval,unresolved,4222641684,AOS(2023),,,"Omar S* - Can't Get (12"")"
2 needs approval,unresolved,4222642431,AOS(2021),,,"Omar S* - Conant Gardens Party Store (12"")"
2 needs approval,unresolved,4222639188,AOS891,,,"Omar S* Featuring Desire (16) - Something Real (12"")"
2 needs approval,unresolved,4222639845,AOS(444),,,"Omar-S - Pain (12"", EP)"
2 needs approval,unresolved,4222640310,AOS-432-Z,,,"Omar-S - Psychotic Photosynthesis (No Drum Mix) (12"", S/Sided)"
2 needs approval,unresolved,4222643232,AOS2020,,,"Omar-S - Record Packer Part 4 (Soundtrack) (7"", Single, Gre)"
2 needs approval,unresolved,4222642821,AOS2020,,,"Omar-S - Record Packer Part 4 (Soundtrack) (7"", Single, Yel)"
2 needs approval,unresolved,4199033853,FOKUZ081,,FOKUZ081_ (stock 2),"Random Movement - Meat Sauce / The Change Is In You (12"", EP)"
2 needs approval,unresolved,4219808982,WPH 024,,,"Red D - This Is Still Belgium Vol 2 (12"", Cle)"
2 needs approval,unresolved,4246948029,SACREDMEDICINE 05,,,"Ron Trent Ft. Angel Figueroa* And Pablo Color - Electric Jungle (12"")"
2 needs approval,unresolved,4200246435,SOULR042,,SOULR042RP (stock 2),"S.T. Files* - Crackden (12"", RE)"
2 needs approval,unresolved,4373538600,"IARC0112, 0112",,,"SML (4) - Spontaneous Music Live (LP, Album)"
2 needs approval,unresolved,4200196026,FOKUZ114RP2,,FOKUZ114RP2_ (stock 2),"Seba - Nostalgia EP - Part 2 (12"", EP, Red)"
2 needs approval,unresolved,4190905446,none,,,"Sepalot* - Munich Disco (2x7"", Ltd, Col)"
2 needs approval,unresolved,4337953926,RS079,,RS079LP (stock 2),"Session Victim - The Disconnect (12"")"
2 needs approval,unresolved,4372181115,HM029,,HM029B (stock 2),"Simoncino - Cosmic Warrior (12"")"
2 needs approval,unresolved,4373218980,HM028,,HM028T (stock 2),"Simoncino - Jungle Dream (Ron Trent Remixes) (12"", RP, Cle)"
2 needs approval,unresolved,4199028417,Soul:R062,,SOULR062RP (stock 2),"Skeptical (2) - Fourfit EP 01 (12"", EP, RP)"
2 needs approval,unresolved,4258397478,02,,,"Special Characters - Subsurface Incantations (12"", EP)"
2 needs approval,unresolved,4190774604,RS078,,RS078LP (stock 2),"Stevie Cox, Ansboy - Twice Like Rice  (12"", EP)"
2 needs approval,unresolved,4271429463,DAT 088,,DAT088 A/B (stock 2); DAT088 C/D (stock 2),"Subjects (5) - Mash Up / Spaced Out / Fantasy / Rhodes Tune  (2x12"")"
2 needs approval,unresolved,4372182822,RV-02,,,"Termiten - Nordhorn (12"", Ltd, RE, RM, Yel)"
2 needs approval,unresolved,4243833840,CAT 016,,,"The SouL Pops - The Mask EP (12"", EP)"
2 needs approval,unresolved,4199093673,FOKUZ085,,FOKUZ085_ (stock 2),"The Vanguard Project - Daredevil EP (12"", EP)"
2 needs approval,unresolved,4199074122,FOKUZ101,,FOKUZ101RP_ (stock 2),"The Vanguard Project - Ducks Life EP (12"", EP)"
2 needs approval,unresolved,4200260643,FOKUZ 093,,FOKUZ093RP (stock 2),"The Vanguard Project - Identity Crisis EP  (12"", EP)"
2 needs approval,unresolved,4198964799,FOKUZ087,,FOKUZ087_ (stock 2),"The Vanguard Project - Plastic Fantastic EP (12"")"
2 needs approval,unresolved,4198975125,FOKUZ091,,FOKUZ091RP_ (stock 2),"The Vanguard Project - Twice As Nice EP (12"", EP)"
2 needs approval,unresolved,4333670103,RAMAJAM02,,,"The Wet Steppahz VS. DAPASHU? - Everyone Is A Winner (12"")"
2 needs approval,unresolved,4246950300,FSRSV061,,,"Trinidadian Deep - Deep Rooted Isle (12"")"
2 needs approval,unresolved,4199037729,HEYNOW001,,HEYNOW001RP (stock 2),"Unknown Artist - Hey Now (12"", Whi)"
2 needs approval,unresolved,4199213367,LOVELY001,,LOVELY001RP (stock 2),"Unknown Artist - Lovely EP (12"", EP, Whi)"
2 needs approval,unresolved,4199209830,BLAKE001RP,,BLAKE001RP2 (stock 2),"Unknown Artist - The F Word (12"", RP, W/Lbl)"
2 needs approval,unresolved,4199255328,SUMMER001,,SUMMER001RP (stock 2),"Unknown Artist, Villem & Mcleod - Summer 001 (10"", Cle)"
2 needs approval,unresolved,4200207003,FOKUZ099,,FOKUZ099RP (stock 2),"Various - 99 The Remix EP (12"", EP, Blu)"
2 needs approval,unresolved,4199145081,FOKUZ106RP3,,,"Various - Fokuz All Stars - Part 3 (12"")"
2 needs approval,unresolved,4200210234,FOKUZ080.3,,,"Various - Hateful Eighty Part 3 (12"")"
2 needs approval,unresolved,4219795119,KSSV003,,,"Various - King Street Sounds (12"", Smplr)"
2 needs approval,unresolved,4200248325,CPLV01,,,"Yaroslav Lenzyak - Blesk EP (12"", EP)"
2 needs approval,unresolved,4372183191,HZB-3,,,"Zoo Brazil - The Ambient House Trilogy Part 3 (12"", Red)"
2 needs approval,unresolved,4219798380,015,,,"cv313 - Fading Lights (12"", RE, RM, Gre)"
3 duplicate listing,conflict,4258358799,VP014,VP014,VP014 already linked to 4246949688,"DJ Compufunk - The Remixes (12"")"
3 duplicate listing,conflict,4200252492,SOUL:R 055,SOULR055,SOULR055 already linked to 4197674571,"DRS - Count To Ten / Holding On (12"", RP)"
3 duplicate listing,conflict,4281343725,VFS089,VFS089,VFS089 already linked to 4281164703,"Ellis Dee - Sound Of The 90's / I Know (12"", RE)"
3 duplicate listing,conflict,4281343278,VFS089Y,VFS089Y,VFS089Y already linked to 4281164721,"Ellis Dee - Synthetic Disco / Atmosphere (12"", RE)"
3 duplicate listing,conflict,4373219991,ATJ 012,ATJ012,ATJ012 already linked to 4156961763,"Mr. Fonk - Karen's Piano (12"", EP)"
3 duplicate listing,conflict,4156961652,RMCE021,RMCE021,RMCE021 already linked to 4164934932,"Russ Gabriel - Work It EP (12"", EP)"
3 duplicate listing,conflict,4228077405,DES133,DES133,DES133 already linked to 4221197949,"Timmy P - Safety First E.P. (12"", EP)"
3 duplicate listing,conflict,4285854873,DES133,DES133,DES133 already linked to 4221197949,"Timmy P - Safety First E.P. (12"", EP)"
3 duplicate listing,conflict,4337947446,DEFCL001LP,DEFCL001LP,DEFCL001LP already linked to 4211215539,"Various - Defected Classics 1 (3x12"", Comp)"
3 duplicate listing,conflict,4156961805,COOP007,COOP007,COOP007 already linked to 4176318717,"Various - Plug One (2xLP, Comp)"
